{"is_source_file": true, "format": "JavaScript (React JSX)", "description": "A React component named NewsList that displays a section with latest news, fetching data from an API or falling back to seed data.", "external_files": ["../data/newsSeed", "../utils/config"], "external_methods": ["getConfig"], "published": ["NewsList"], "classes": [], "methods": [{"name": "formatDate(isoDate)", "description": "Formats an ISO date string into a localized date format, falling back to input if invalid.", "scope": "", "scopeKind": ""}, {"name": "NewsList()", "scope": "", "scopeKind": "", "description": "unavailable"}, {"name": "maybeFetch()", "scope": "NewsList", "scopeKind": "function", "description": "unavailable"}], "calls": ["React.useEffect", "React.useMemo", "React.useState", "getConfig", "fetch"], "search-terms": ["NewsList", "React", "useEffect", "useState", "fetch news", "news seed data", "API fetch", "latest news component"], "state": 2, "file_id": 16, "knowledge_revision": 38, "git_revision": "be11367c6ba0b039218a44b10783bb5be61ead8f", "ctags": [{"_type": "tag", "name": "NewsList", "path": "/home/kavia/workspace/code-generation/ocean-conservation-homepage-230683-230692/homepage_frontend/src/components/NewsList.jsx", "pattern": "/^export default function NewsList() {$/", "language": "JavaScript", "kind": "function", "signature": "()"}, {"_type": "tag", "name": "formatDate", "path": "/home/kavia/workspace/code-generation/ocean-conservation-homepage-230683-230692/homepage_frontend/src/components/NewsList.jsx", "pattern": "/^function formatDate(isoDate) {$/", "language": "JavaScript", "kind": "function", "signature": "(isoDate)"}, {"_type": "tag", "name": "maybeFetch", "path": "/home/kavia/workspace/code-generation/ocean-conservation-homepage-230683-230692/homepage_frontend/src/components/NewsList.jsx", "pattern": "/^    async function maybeFetch() {$/", "language": "JavaScript", "kind": "function", "signature": "()", "scope": "NewsList", "scopeKind": "function"}], "hash": "18172d616156f25c0cb392bea8a02f4f", "format-version": 4, "code-base-name": "homepage_frontend", "filename": "homepage_frontend/src/components/NewsList.jsx", "revision_history": [{"38": "be11367c6ba0b039218a44b10783bb5be61ead8f"}]}