{"is_source_file": true, "format": "JavaScript", "description": "This file is a setup configuration file for Jest testing framework, specifically setting up custom matchers from jest-dom for DOM assertions.", "external_files": ["@testing-library/jest-dom"], "external_methods": [], "published": [], "classes": [], "methods": [], "calls": ["import '@testing-library/jest-dom'"], "search-terms": ["setupTests.js", "jest-dom", "jest", "testing-library", "DOM assertions", "test setup"], "state": 2, "file_id": 5, "knowledge_revision": 23, "git_revision": "21dad3d59ca9f491d932db6fb7d48e5732f933b4", "ctags": [], "hash": "1a77571e1a8cf36018a41bcedf60db75", "format-version": 4, "code-base-name": "homepage_frontend", "filename": "homepage_frontend/src/setupTests.js", "revision_history": [{"23": "21dad3d59ca9f491d932db6fb7d48e5732f933b4"}]}