{"is_source_file": true, "format": "JavaScript (React JSX)", "description": "This file defines a React functional component named 'App' that manages and toggles between light and dark themes. It utilizes React hooks such as useState and useEffect to handle theme state and side effects respectively. The component renders a button to switch themes, a logo image, explanatory text, theme status, and a link to the React documentation.", "external_files": ["./logo.svg", "./App.css"], "external_methods": ["React.useState", "React.useEffect"], "published": ["App"], "classes": [], "methods": [{"name": "App()", "description": "Main functional component that manages theme toggling and renders the UI.", "scope": "", "scopeKind": ""}, {"name": "toggleTheme", "description": "Function to switch theme state between 'light' and 'dark'."}], "calls": ["React.useState", "React.useEffect", "document.documentElement.setAttribute"], "search-terms": ["React theme toggle", "useState hook", "useEffect hook", "App component", "dark/light theme switch"], "state": 2, "file_id": 7, "knowledge_revision": 25, "git_revision": "21dad3d59ca9f491d932db6fb7d48e5732f933b4", "ctags": [{"_type": "tag", "name": "App", "path": "/home/kavia/workspace/code-generation/ocean-conservation-homepage-230683-230692/homepage_frontend/src/App.js", "pattern": "/^function App() {$/", "language": "JavaScript", "kind": "function", "signature": "()"}, {"_type": "tag", "name": "Switch to ${theme === 'light' ? 'dark' : 'light'} mode", "path": "/home/kavia/workspace/code-generation/ocean-conservation-homepage-230683-230692/homepage_frontend/src/App.js", "pattern": "/^          aria-label={`Switch to ${theme === 'light' ? 'dark' : 'light'} mode`}$/", "language": "JavaScript", "kind": "field", "scope": "App.aria", "scopeKind": "class"}, {"_type": "tag", "name": "toggleTheme", "path": "/home/kavia/workspace/code-generation/ocean-conservation-homepage-230683-230692/homepage_frontend/src/App.js", "pattern": "/^          onClick={toggleTheme}$/", "language": "JavaScript", "kind": "field", "scope": "App.onClick", "scopeKind": "class"}], "hash": "b55dd9e6a018e59207d8e277dffd9e11", "format-version": 4, "code-base-name": "homepage_frontend", "filename": "homepage_frontend/src/App.js", "fields": [{"name": "aria-label={`Switch to ${theme === 'light' ? 'dark' : 'light'} mode`}", "scope": "App.aria", "scopeKind": "class", "description": "unavailable"}, {"name": "onClick={toggleTheme}", "scope": "App.onClick", "scopeKind": "class", "description": "unavailable"}], "revision_history": [{"25": "21dad3d59ca9f491d932db6fb7d48e5732f933b4"}]}