{"is_source_file": true, "file_id": 14, "git_revision": "", "state": 1, "description": "", "external_files": [], "external_methods": [], "published": [], "classes": [], "methods": [], "calls": [], "search-terms": [], "ctags": [{"_type": "tag", "name": "NEWS_SEED", "path": "/home/kavia/workspace/code-generation/ocean-conservation-homepage-230683-230692/homepage_frontend/src/data/newsSeed.js", "pattern": "/^export const NEWS_SEED = [$/", "language": "JavaScript", "kind": "constant"}], "format": "JavaScript", "hash": "14bc1a69d7ee4683619d1860cd20b355", "format-version": 4, "code-base-name": "homepage_frontend", "filename": "homepage_frontend/src/data/newsSeed.js", "knowledge_revision": 27}