{"is_source_file": false, "format": "", "description": "", "external_files": [], "external_methods": [], "published": [], "classes": [], "methods": [], "calls": [], "search-terms": [], "state": 2, "file_id": 10, "knowledge_revision": 17, "git_revision": "21dad3d59ca9f491d932db6fb7d48e5732f933b4", "hash": "ebece526bc2eadd78ddd787a76c56607", "format-version": 4, "code-base-name": "homepage_frontend", "filename": "homepage_frontend/README.md", "revision_history": [{"17": "21dad3d59ca9f491d932db6fb7d48e5732f933b4"}]}