{"is_source_file": true, "format": "JavaScript (React JSX)", "description": "This file defines the main React application component 'App' for the ocean conservation homepage. It handles theme toggling, navigation, and includes subcomponents such as Hero, NewsList, and Donation.", "external_files": ["./components/Hero", "./components/NewsList", "./components/Donation", "./utils/config", "./App.css"], "external_methods": ["getConfig"], "published": ["App"], "classes": [], "methods": [{"name": "App()", "description": "Main React functional component that renders the homepage UI.", "scope": "", "scopeKind": ""}, {"name": "toggleTheme", "description": "Public function that toggles between light and dark themes."}, {"name": "scrollToDonate", "description": "Scrolls smoothly to the donation section when invoked."}], "calls": ["useState", "useRef", "useMemo", "useEffect", "document.documentElement.setAttribute", "getConfig", "setTheme", "donateRef.current", "document.getElementById", "el.scrollIntoView"], "search-terms": ["React App component", "Theme toggle", "Donation section scroll", "Header navigation", "Configuration utility"], "state": 2, "file_id": 7, "knowledge_revision": 32, "git_revision": "be11367c6ba0b039218a44b10783bb5be61ead8f", "revision_history": [{"25": "21dad3d59ca9f491d932db6fb7d48e5732f933b4"}, {"32": "be11367c6ba0b039218a44b10783bb5be61ead8f"}], "ctags": [{"_type": "tag", "name": "App", "path": "/home/kavia/workspace/code-generation/ocean-conservation-homepage-230683-230692/homepage_frontend/src/App.js", "pattern": "/^function App() {$/", "language": "JavaScript", "kind": "function", "signature": "()"}, {"_type": "tag", "name": "Switch to ${theme === \"light\" ? \"dark\" : \"light\"} mode", "path": "/home/kavia/workspace/code-generation/ocean-conservation-homepage-230683-230692/homepage_frontend/src/App.js", "pattern": "/^              aria-label={`Switch to ${theme === \"light\" ? \"dark\" : \"light\"} mode`}$/", "language": "JavaScript", "kind": "field", "scope": "App.aria", "scopeKind": "class"}, {"_type": "tag", "name": "toggleTheme", "path": "/home/kavia/workspace/code-generation/ocean-conservation-homepage-230683-230692/homepage_frontend/src/App.js", "pattern": "/^              onClick={toggleTheme}$/", "language": "JavaScript", "kind": "field", "scope": "App.onClick", "scopeKind": "class"}], "hash": "6933ce5248b7596459d4d8a85fd601c5", "format-version": 4, "code-base-name": "homepage_frontend", "filename": "homepage_frontend/src/App.js", "fields": [{"name": "aria-label={`Switch to ${theme === \"light\" ? \"dark\" : \"light\"} mode`}", "scope": "App.aria", "scopeKind": "class", "description": "unavailable"}, {"name": "onClick={toggleTheme}", "scope": "App.onClick", "scopeKind": "class", "description": "unavailable"}]}