{"is_source_file": false, "format": "", "description": "", "external_files": [], "external_methods": [], "published": [], "classes": [], "methods": [], "calls": [], "search-terms": [], "state": 2, "file_id": 3, "knowledge_revision": 33, "git_revision": "be11367c6ba0b039218a44b10783bb5be61ead8f", "hash": "670d93a5b98b99dff0b70cac93d09019", "format-version": 4, "code-base-name": "homepage_frontend", "filename": "homepage_frontend/src/App.css", "revision_history": [{"33": "be11367c6ba0b039218a44b10783bb5be61ead8f"}]}