{"is_source_file": true, "file_id": 15, "git_revision": "", "state": 1, "description": "", "external_files": [], "external_methods": [], "published": [], "classes": [], "methods": [], "calls": [], "search-terms": [], "ctags": [{"_type": "tag", "name": "Hero", "path": "/home/kavia/workspace/code-generation/ocean-conservation-homepage-230683-230692/homepage_frontend/src/components/Hero.jsx", "pattern": "/^export default function Hero({ onDonateClick }) {$/", "language": "JavaScript", "kind": "function", "signature": "({ onDonateClick })"}, {"_type": "tag", "name": "onDonateClick", "path": "/home/kavia/workspace/code-generation/ocean-conservation-homepage-230683-230692/homepage_frontend/src/components/Hero.jsx", "pattern": "/^              onClick={onDonateClick}$/", "language": "JavaScript", "kind": "field", "scope": "onClick", "scopeKind": "class"}], "format": "JavaScript", "hash": "a02cffd7c6ef20bb6c026a6789536426", "format-version": 4, "code-base-name": "homepage_frontend", "filename": "homepage_frontend/src/components/Hero.jsx", "knowledge_revision": 28}