{"is_source_file": true, "format": "JavaScript/JSX", "description": "This file defines a React component called 'Donation' that renders a user interface for making donations, including preset amounts, custom amounts, and handling donation redirection via Stripe.", "external_files": ["../utils/config"], "external_methods": ["getConfig"], "published": ["Donation"], "classes": [], "methods": [{"name": "clampMoney(value)", "description": "Clamps a numeric value to a non-negative number with two decimal precision, returning 0 for invalid or infinite input.", "scope": "", "scopeKind": ""}, {"name": "Donation()", "scope": "", "scopeKind": "", "description": "unavailable"}], "calls": ["getConfig", "useMemo", "useState", "useEffect", "console.warn", "window.location.assign"], "search-terms": ["Donation", "stripeDonationUrl", "customAmount", "PRESETS", "clampMoney", "React", "Donation.jsx", "donate"], "state": 2, "file_id": 17, "knowledge_revision": 39, "git_revision": "be11367c6ba0b039218a44b10783bb5be61ead8f", "ctags": [{"_type": "tag", "name": "Donation", "path": "/home/kavia/workspace/code-generation/ocean-conservation-homepage-230683-230692/homepage_frontend/src/components/Donation.jsx", "pattern": "/^export default function Donation() {$/", "language": "JavaScript", "kind": "function", "signature": "()"}, {"_type": "tag", "name": "PRESETS", "path": "/home/kavia/workspace/code-generation/ocean-conservation-homepage-230683-230692/homepage_frontend/src/components/Donation.jsx", "pattern": "/^const PRESETS = [10, 25, 50, 100];$/", "language": "JavaScript", "kind": "constant"}, {"_type": "tag", "name": "chip ${useCustom ? \"chip--active\" : \"\"}", "path": "/home/kavia/workspace/code-generation/ocean-conservation-homepage-230683-230692/homepage_frontend/src/components/Donation.jsx", "pattern": "/^                className={`chip ${useCustom ? \"chip--active\" : \"\"}`}$/", "language": "JavaScript", "kind": "field", "scope": "Donation.className", "scopeKind": "class"}, {"_type": "tag", "name": "clampMoney", "path": "/home/kavia/workspace/code-generation/ocean-conservation-homepage-230683-230692/homepage_frontend/src/components/Donation.jsx", "pattern": "/^function clampMoney(value) {$/", "language": "JavaScript", "kind": "function", "signature": "(value)"}, {"_type": "tag", "name": "customAmount", "path": "/home/kavia/workspace/code-generation/ocean-conservation-homepage-230683-230692/homepage_frontend/src/components/Donation.jsx", "pattern": "/^                  value={customAmount}$/", "language": "JavaScript", "kind": "field", "scope": "Donation.value", "scopeKind": "class"}, {"_type": "tag", "name": "disabled", "path": "/home/kavia/workspace/code-generation/ocean-conservation-homepage-230683-230692/homepage_frontend/src/components/Donation.jsx", "pattern": "/^              aria-disabled={disabled}$/", "language": "JavaScript", "kind": "field", "scope": "Donation.aria", "scopeKind": "class"}, {"_type": "tag", "name": "disabled", "path": "/home/kavia/workspace/code-generation/ocean-conservation-homepage-230683-230692/homepage_frontend/src/components/Donation.jsx", "pattern": "/^              disabled={disabled}$/", "language": "JavaScript", "kind": "field", "scope": "Donation.disabled", "scopeKind": "class"}, {"_type": "tag", "name": "disabled", "path": "/home/kavia/workspace/code-generation/ocean-conservation-homepage-230683-230692/homepage_frontend/src/components/Donation.jsx", "pattern": "/^              title={disabled ? helperText : \"Continue to secure checkout\"}$/", "language": "JavaScript", "kind": "field", "scope": "Donation.title", "scopeKind": "class"}, {"_type": "tag", "name": "handleDonate", "path": "/home/kavia/workspace/code-generation/ocean-conservation-homepage-230683-230692/homepage_frontend/src/components/Donation.jsx", "pattern": "/^              onClick={handleDonate}$/", "language": "JavaScript", "kind": "field", "scope": "Donation.onClick", "scopeKind": "class"}, {"_type": "tag", "name": "useCustom", "path": "/home/kavia/workspace/code-generation/ocean-conservation-homepage-230683-230692/homepage_frontend/src/components/Donation.jsx", "pattern": "/^                aria-pressed={useCustom}$/", "language": "JavaScript", "kind": "field", "scope": "Donation.aria", "scopeKind": "class"}], "hash": "fb6ed53817fe0aa7af51373fee16df2b", "format-version": 4, "code-base-name": "homepage_frontend", "filename": "homepage_frontend/src/components/Donation.jsx", "fields": [{"name": "className={`chip ${useCustom ? \"chip--active\" : \"\"}`}", "scope": "Donation.className", "scopeKind": "class", "description": "unavailable"}, {"name": "value={customAmount}", "scope": "Donation.value", "scopeKind": "class", "description": "unavailable"}, {"name": "aria-disabled={disabled}", "scope": "Donation.aria", "scopeKind": "class", "description": "unavailable"}, {"name": "disabled={disabled}", "scope": "Donation.disabled", "scopeKind": "class", "description": "unavailable"}, {"name": "title={disabled ? helperText : \"Continue to secure checkout\"}", "scope": "Donation.title", "scopeKind": "class", "description": "unavailable"}, {"name": "onClick={handleDonate}", "scope": "Donation.onClick", "scopeKind": "class", "description": "unavailable"}, {"name": "aria-pressed={useCustom}", "scope": "Donation.aria", "scopeKind": "class", "description": "unavailable"}], "revision_history": [{"39": "be11367c6ba0b039218a44b10783bb5be61ead8f"}]}