{"is_source_file": true, "format": "JavaScript (React JSX)", "description": "This file is the entry point for a React application, responsible for rendering the main App component into the DOM.", "external_files": ["./index.css", "./App"], "external_methods": ["ReactDOM.createRoot", "root.render"], "published": [], "classes": [], "methods": [{"name": "ReactDOM.createRoot", "description": "Creates a root for rendering React components into the DOM."}, {"name": "root.render", "description": "Renders React elements into the specified root."}], "calls": ["ReactDOM.createRoot", "root.render", "<React.StrictMode>", "<App />"], "search-terms": ["React", "ReactDOM", "index.js", "entry point", "main render"], "state": 2, "file_id": 4, "knowledge_revision": 24, "git_revision": "21dad3d59ca9f491d932db6fb7d48e5732f933b4", "ctags": [{"_type": "tag", "name": "root", "path": "/home/kavia/workspace/code-generation/ocean-conservation-homepage-230683-230692/homepage_frontend/src/index.js", "pattern": "/^const root = ReactDOM.createRoot(document.getElementById('root'));$/", "language": "JavaScript", "kind": "constant"}], "hash": "9fc5841375336fc175b49f8767a11383", "format-version": 4, "code-base-name": "homepage_frontend", "filename": "homepage_frontend/src/index.js", "revision_history": [{"24": "21dad3d59ca9f491d932db6fb7d48e5732f933b4"}]}