{"is_source_file": false, "format": "", "description": "", "external_files": [], "external_methods": [], "published": [], "classes": [], "methods": [], "calls": [], "search-terms": [], "state": 2, "file_id": 11, "knowledge_revision": 40, "git_revision": "be11367c6ba0b039218a44b10783bb5be61ead8f", "revision_history": [{"15": "21dad3d59ca9f491d932db6fb7d48e5732f933b4"}, {"40": "be11367c6ba0b039218a44b10783bb5be61ead8f"}], "hash": "28b07ffc61af8f026a787aecd1a5205f", "format-version": 4, "code-base-name": "homepage_frontend", "filename": "homepage_frontend/package.json"}