{"is_source_file": true, "file_id": 13, "git_revision": "", "state": 3, "description": "", "external_files": [], "external_methods": [], "published": [], "classes": [], "methods": [], "calls": [], "search-terms": [], "ctags": [{"_type": "tag", "name": "getConfig", "path": "/home/kavia/workspace/code-generation/ocean-conservation-homepage-230683-230692/homepage_frontend/src/utils/config.js", "pattern": "/^export function getConfig() {$/", "language": "JavaScript", "kind": "function", "signature": "()"}], "format": "JavaScript", "hash": "477c6974f4f588415d9866c27ab6a668", "format-version": 4, "code-base-name": "homepage_frontend", "filename": "homepage_frontend/src/utils/config.js", "knowledge_revision": 26}