{"is_source_file": false, "format": "", "description": "", "external_files": [], "external_methods": [], "published": [], "classes": [], "methods": [], "calls": [], "search-terms": [], "state": 2, "file_id": 6, "knowledge_revision": 34, "git_revision": "be11367c6ba0b039218a44b10783bb5be61ead8f", "hash": "427e8b55c28a0d401ee95677d4d82ac0", "format-version": 4, "code-base-name": "homepage_frontend", "filename": "homepage_frontend/src/index.css", "revision_history": [{"34": "be11367c6ba0b039218a44b10783bb5be61ead8f"}]}