{"is_source_file": false, "format": "", "description": "", "external_files": [], "external_methods": [], "published": [], "classes": [], "methods": [], "calls": [], "search-terms": [], "state": 2, "file_id": 3, "knowledge_revision": 44, "git_revision": "bd27e644ff51475edbbceedc8039a2b6aeb1524a", "revision_history": [{"33": "be11367c6ba0b039218a44b10783bb5be61ead8f"}, {"44": "bd27e644ff51475edbbceedc8039a2b6aeb1524a"}], "hash": "aa1ae54091f0a77dadffc00ee13bc1c1", "format-version": 4, "code-base-name": "homepage_frontend", "filename": "homepage_frontend/src/App.css"}