{"is_source_file": true, "format": "JavaScript (React JSX)", "description": "This file defines the main React application component for the BlueCurrent Ocean Conservation homepage, including theme toggling, navigation, and sections like Hero, NewsList, and Donation.", "external_files": ["./components/Hero", "./components/NewsList", "./components/Donation", "./utils/config", "./App.css"], "external_methods": ["getConfig"], "published": [], "classes": [], "methods": [{"name": "App()", "description": "Main functional component rendering the ocean conservation webpage, managing theme state, scroll actions, and layout.", "scope": "", "scopeKind": ""}, {"name": "toggleTheme", "description": "Function toggling between light and dark themes."}, {"name": "scrollToDonate", "description": "Function to scroll smoothly to the donation section."}], "calls": ["React.useState", "React.useRef", "React.useMemo", "React.useEffect", "document.documentElement.setAttribute", "getConfig", "setTheme", "donateRef.current", "document.getElementById", "scrollIntoView"], "search-terms": ["App component", "React theme toggle", "donation scroll", "public interface", "BlueCurrent homepage"], "state": 2, "file_id": 7, "knowledge_revision": 41, "git_revision": "be11367c6ba0b039218a44b10783bb5be61ead8f", "revision_history": [{"25": "21dad3d59ca9f491d932db6fb7d48e5732f933b4"}, {"32": "be11367c6ba0b039218a44b10783bb5be61ead8f"}, {"41": "be11367c6ba0b039218a44b10783bb5be61ead8f"}], "ctags": [{"_type": "tag", "name": "App", "path": "/home/kavia/workspace/code-generation/ocean-conservation-homepage-230683-230692/homepage_frontend/src/App.js", "pattern": "/^function App() {$/", "language": "JavaScript", "kind": "function", "signature": "()"}, {"_type": "tag", "name": "Switch to ${theme === \"light\" ? \"dark\" : \"light\"} mode", "path": "/home/kavia/workspace/code-generation/ocean-conservation-homepage-230683-230692/homepage_frontend/src/App.js", "pattern": "/^              aria-label={`Switch to ${theme === \"light\" ? \"dark\" : \"light\"} mode`}$/", "language": "JavaScript", "kind": "field", "scope": "App.aria", "scopeKind": "class"}, {"_type": "tag", "name": "toggleTheme", "path": "/home/kavia/workspace/code-generation/ocean-conservation-homepage-230683-230692/homepage_frontend/src/App.js", "pattern": "/^              onClick={toggleTheme}$/", "language": "JavaScript", "kind": "field", "scope": "App.onClick", "scopeKind": "class"}], "hash": "fa30888ecbeb9690b57b5233c5e2c6e9", "format-version": 4, "code-base-name": "homepage_frontend", "filename": "homepage_frontend/src/App.js", "fields": [{"name": "aria-label={`Switch to ${theme === \"light\" ? \"dark\" : \"light\"} mode`}", "scope": "App.aria", "scopeKind": "class", "description": "unavailable"}, {"name": "onClick={toggleTheme}", "scope": "App.onClick", "scopeKind": "class", "description": "unavailable"}]}