{"is_source_file": false, "format": "", "description": "", "external_files": [], "external_methods": [], "published": [], "classes": [], "methods": [], "calls": [], "search-terms": [], "state": 2, "file_id": 9, "knowledge_revision": 16, "git_revision": "21dad3d59ca9f491d932db6fb7d48e5732f933b4", "hash": "d9d975cebe2ec20b6c652e1e4c12ccf0", "format-version": 4, "code-base-name": "homepage_frontend", "filename": "homepage_frontend/public/manifest.json", "revision_history": [{"16": "21dad3d59ca9f491d932db6fb7d48e5732f933b4"}]}