{"is_source_file": true, "format": "JavaScript (ES Module, .mjs)", "description": "ESLint configuration file that sets environment, parser options, global variables, and rules, including React plugin configurations.", "external_files": ["@eslint/js", "eslint-plugin-react"], "external_methods": [], "published": [], "classes": [], "methods": [], "calls": ["pluginJs", "pluginReact", "pluginJs.configs.recommended"], "search-terms": ["eslint", "eslint-config", "react-plugin", "rules", "parserOptions", "globals", "jsx"], "state": 2, "file_id": 1, "knowledge_revision": 20, "git_revision": "21dad3d59ca9f491d932db6fb7d48e5732f933b4", "hash": "be6538e7523bc2e9da0743133d784136", "format-version": 4, "code-base-name": "homepage_frontend", "filename": "homepage_frontend/eslint.config.mjs", "revision_history": [{"20": "21dad3d59ca9f491d932db6fb7d48e5732f933b4"}]}