{"is_source_file": true, "format": "JavaScript", "description": "This file contains local seed data for the 'Latest News' section of a website. It exports a constant array 'NEWS_SEED' with news items related to ocean conservation efforts.", "external_files": [], "external_methods": [], "published": ["NEWS_SEED"], "classes": [], "methods": [], "calls": [], "search-terms": ["NEWS_SEED", "latest news", "ocean conservation", "newsSeed", "seed data"], "state": 2, "file_id": 14, "knowledge_revision": 36, "git_revision": "be11367c6ba0b039218a44b10783bb5be61ead8f", "ctags": [{"_type": "tag", "name": "NEWS_SEED", "path": "/home/kavia/workspace/code-generation/ocean-conservation-homepage-230683-230692/homepage_frontend/src/data/newsSeed.js", "pattern": "/^export const NEWS_SEED = [$/", "language": "JavaScript", "kind": "constant"}], "hash": "14bc1a69d7ee4683619d1860cd20b355", "format-version": 4, "code-base-name": "homepage_frontend", "filename": "homepage_frontend/src/data/newsSeed.js", "revision_history": [{"36": "be11367c6ba0b039218a44b10783bb5be61ead8f"}]}