{"is_source_file": false, "format": "", "description": "", "external_files": [], "external_methods": [], "published": [], "classes": [], "methods": [], "calls": [], "search-terms": [], "state": 2, "file_id": 8, "knowledge_revision": 19, "git_revision": "21dad3d59ca9f491d932db6fb7d48e5732f933b4", "hash": "d2b40d02d5f7873d8a6713bad837edd4", "format-version": 4, "code-base-name": "homepage_frontend", "filename": "homepage_frontend/public/index.html", "revision_history": [{"19": "21dad3d59ca9f491d932db6fb7d48e5732f933b4"}]}