{"is_source_file": true, "format": "JavaScript (React JSX)", "description": "This file defines a React functional component named 'Donation' that renders a donation UI section, allowing users to select preset or custom donation amounts, and handles redirecting to a Stripe donation URL. It also manages related state and configuration logic.", "external_files": ["../utils/config"], "external_methods": ["getConfig"], "published": [], "classes": [], "methods": [{"name": "clampMoney(value)", "description": "Sanitizes and clamps a monetary input to a non-negative number with two decimal places.", "scope": "", "scopeKind": ""}, {"name": "Donation({ stripeDonationUrl: stripeDonationUrlProp = null })", "description": "Main React component rendering the donation interface, managing user interaction, and handling redirect to Stripe.", "scope": "", "scopeKind": ""}], "calls": ["getConfig", "useMemo", "useState", "useEffect", "console.warn", "window.location.assign"], "search-terms": ["React donation component", "Stripe donation URL", "donation presets", "custom donation amount", "Donation.jsx", "React hooks", "useEffect", "useMemo", "useState", "clampMoney", "donation interface"], "state": 2, "file_id": 17, "knowledge_revision": 43, "git_revision": "bd27e644ff51475edbbceedc8039a2b6aeb1524a", "revision_history": [{"39": "be11367c6ba0b039218a44b10783bb5be61ead8f"}, {"43": "bd27e644ff51475edbbceedc8039a2b6aeb1524a"}], "ctags": [{"_type": "tag", "name": "Donation", "path": "/home/kavia/workspace/code-generation/ocean-conservation-homepage-230683-230692/homepage_frontend/src/components/Donation.jsx", "pattern": "/^export default function Donation({ stripeDonationUrl: stripeDonationUrlProp = null }) {$/", "language": "JavaScript", "kind": "function", "signature": "({ stripeDonationUrl: stripeDonationUrlProp = null })"}, {"_type": "tag", "name": "PRESETS", "path": "/home/kavia/workspace/code-generation/ocean-conservation-homepage-230683-230692/homepage_frontend/src/components/Donation.jsx", "pattern": "/^const PRESETS = [10, 25, 50, 100];$/", "language": "JavaScript", "kind": "constant"}, {"_type": "tag", "name": "chip ${useCustom ? \"chip--active\" : \"\"}", "path": "/home/kavia/workspace/code-generation/ocean-conservation-homepage-230683-230692/homepage_frontend/src/components/Donation.jsx", "pattern": "/^                className={`chip ${useCustom ? \"chip--active\" : \"\"}`}$/", "language": "JavaScript", "kind": "field", "scope": "Donation.className", "scopeKind": "class"}, {"_type": "tag", "name": "clampMoney", "path": "/home/kavia/workspace/code-generation/ocean-conservation-homepage-230683-230692/homepage_frontend/src/components/Donation.jsx", "pattern": "/^function clampMoney(value) {$/", "language": "JavaScript", "kind": "function", "signature": "(value)"}, {"_type": "tag", "name": "customAmount", "path": "/home/kavia/workspace/code-generation/ocean-conservation-homepage-230683-230692/homepage_frontend/src/components/Donation.jsx", "pattern": "/^                  value={customAmount}$/", "language": "JavaScript", "kind": "field", "scope": "Donation.value", "scopeKind": "class"}, {"_type": "tag", "name": "disabled", "path": "/home/kavia/workspace/code-generation/ocean-conservation-homepage-230683-230692/homepage_frontend/src/components/Donation.jsx", "pattern": "/^              aria-disabled={disabled}$/", "language": "JavaScript", "kind": "field", "scope": "Donation.aria", "scopeKind": "class"}, {"_type": "tag", "name": "disabled", "path": "/home/kavia/workspace/code-generation/ocean-conservation-homepage-230683-230692/homepage_frontend/src/components/Donation.jsx", "pattern": "/^              disabled={disabled}$/", "language": "JavaScript", "kind": "field", "scope": "Donation.disabled", "scopeKind": "class"}, {"_type": "tag", "name": "disabled", "path": "/home/kavia/workspace/code-generation/ocean-conservation-homepage-230683-230692/homepage_frontend/src/components/Donation.jsx", "pattern": "/^              title={disabled ? helperText : \"Continue to secure checkout\"}$/", "language": "JavaScript", "kind": "field", "scope": "Donation.title", "scopeKind": "class"}, {"_type": "tag", "name": "handleDonate", "path": "/home/kavia/workspace/code-generation/ocean-conservation-homepage-230683-230692/homepage_frontend/src/components/Donation.jsx", "pattern": "/^              onClick={handleDonate}$/", "language": "JavaScript", "kind": "field", "scope": "Donation.onClick", "scopeKind": "class"}, {"_type": "tag", "name": "note ${disabled ? \"note--warn\" : \"\"}", "path": "/home/kavia/workspace/code-generation/ocean-conservation-homepage-230683-230692/homepage_frontend/src/components/Donation.jsx", "pattern": "/^              className={`note ${disabled ? \"note--warn\" : \"\"}`}$/", "language": "JavaScript", "kind": "field", "scope": "Donation.className", "scopeKind": "class"}, {"_type": "tag", "name": "useCustom", "path": "/home/kavia/workspace/code-generation/ocean-conservation-homepage-230683-230692/homepage_frontend/src/components/Donation.jsx", "pattern": "/^                aria-pressed={useCustom}$/", "language": "JavaScript", "kind": "field", "scope": "Donation.aria", "scopeKind": "class"}], "hash": "e66544df8903a626d167f5435f28f0fd", "format-version": 4, "code-base-name": "homepage_frontend", "filename": "homepage_frontend/src/components/Donation.jsx", "fields": [{"name": "className={`chip ${useCustom ? \"chip--active\" : \"\"}`}", "scope": "Donation.className", "scopeKind": "class", "description": "unavailable"}, {"name": "value={customAmount}", "scope": "Donation.value", "scopeKind": "class", "description": "unavailable"}, {"name": "aria-disabled={disabled}", "scope": "Donation.aria", "scopeKind": "class", "description": "unavailable"}, {"name": "disabled={disabled}", "scope": "Donation.disabled", "scopeKind": "class", "description": "unavailable"}, {"name": "title={disabled ? helperText : \"Continue to secure checkout\"}", "scope": "Donation.title", "scopeKind": "class", "description": "unavailable"}, {"name": "onClick={handleDonate}", "scope": "Donation.onClick", "scopeKind": "class", "description": "unavailable"}, {"name": "className={`note ${disabled ? \"note--warn\" : \"\"}`}", "scope": "Donation.className", "scopeKind": "class", "description": "unavailable"}, {"name": "aria-pressed={useCustom}", "scope": "Donation.aria", "scopeKind": "class", "description": "unavailable"}]}