{"is_source_file": true, "format": "JavaScript (React JSX)", "description": "This is a React functional component named 'Hero' which renders a hero/mission section for an ocean conservation homepage, including calls to action, statistics, and descriptive content.", "external_files": ["react"], "external_methods": ["React"], "published": ["default", "Hero"], "classes": [], "methods": [{"name": "Hero({ onDonateClick })", "description": "React functional component rendering the hero/mission section with donation button and impact stats.", "scope": "", "scopeKind": ""}], "calls": ["onDonateClick"], "search-terms": ["Hero", "Ocean Conservation", "React Functional Component", "Donations", "Impact Stats", "jsx"], "state": 3, "file_id": 15, "knowledge_revision": 37, "git_revision": "be11367c6ba0b039218a44b10783bb5be61ead8f", "ctags": [{"_type": "tag", "name": "Hero", "path": "/home/kavia/workspace/code-generation/ocean-conservation-homepage-230683-230692/homepage_frontend/src/components/Hero.jsx", "pattern": "/^export default function Hero({ onDonateClick }) {$/", "language": "JavaScript", "kind": "function", "signature": "({ onDonateClick })"}, {"_type": "tag", "name": "onDonateClick", "path": "/home/kavia/workspace/code-generation/ocean-conservation-homepage-230683-230692/homepage_frontend/src/components/Hero.jsx", "pattern": "/^              onClick={onDonateClick}$/", "language": "JavaScript", "kind": "field", "scope": "onClick", "scopeKind": "class"}], "hash": "a02cffd7c6ef20bb6c026a6789536426", "format-version": 4, "code-base-name": "homepage_frontend", "filename": "homepage_frontend/src/components/Hero.jsx", "fields": [{"name": "onClick={onDonateClick}", "scope": "onClick", "scopeKind": "class", "description": "unavailable"}], "revision_history": [{"37": "be11367c6ba0b039218a44b10783bb5be61ead8f"}]}