{"is_source_file": false, "format": "", "description": "", "external_files": [], "external_methods": [], "published": [], "classes": [], "methods": [], "calls": [], "search-terms": [], "state": 2, "file_id": 6, "knowledge_revision": 14, "git_revision": "21dad3d59ca9f491d932db6fb7d48e5732f933b4", "hash": "6c2104b8d219ed99234ae2d6329f4357", "format-version": 4, "code-base-name": "homepage_frontend", "filename": "homepage_frontend/src/index.css", "revision_history": [{"14": "21dad3d59ca9f491d932db6fb7d48e5732f933b4"}]}