{"is_source_file": true, "format": "JavaScript", "description": "This file provides centralized configuration management for the frontend application, exposing environment variables with default fallbacks.", "external_files": ["process.env"], "external_methods": [], "published": ["getConfig"], "classes": [], "methods": [{"name": "getConfig()", "description": "Returns normalized configuration values with fallback defaults based on environment variables.", "scope": "", "scopeKind": ""}], "calls": ["process.env.REACT_APP_API_BASE", "process.env.REACT_APP_STRIPE_DONATION_URL", "process.env.REACT_APP_FRONTEND_URL", "process.env.REACT_APP_BACKEND_URL", "process.env.REACT_APP_NODE_ENV", "process.env.NODE_ENV"], "search-terms": ["runtime configuration", "environment variables", "React environment", "config", "REACT_APP_"], "state": 2, "file_id": 13, "knowledge_revision": 29, "git_revision": "", "ctags": [{"_type": "tag", "name": "getConfig", "path": "/home/kavia/workspace/code-generation/ocean-conservation-homepage-230683-230692/homepage_frontend/src/utils/config.js", "pattern": "/^export function getConfig() {$/", "language": "JavaScript", "kind": "function", "signature": "()"}], "hash": "477c6974f4f588415d9866c27ab6a668", "format-version": 4, "code-base-name": "homepage_frontend", "filename": "homepage_frontend/src/utils/config.js", "revision_history": [{"29": ""}]}