{"is_source_file": false, "format": "", "description": "", "external_files": [], "external_methods": [], "published": [], "classes": [], "methods": [], "calls": [], "search-terms": [], "state": 2, "file_id": 11, "knowledge_revision": 15, "git_revision": "21dad3d59ca9f491d932db6fb7d48e5732f933b4", "hash": "d001d53c059625c4bcf75bf5a7f3fcf0", "format-version": 4, "code-base-name": "homepage_frontend", "filename": "homepage_frontend/package.json", "revision_history": [{"15": "21dad3d59ca9f491d932db6fb7d48e5732f933b4"}]}