{"is_source_file": false, "format": "", "description": "", "external_files": [], "external_methods": [], "published": [], "classes": [], "methods": [], "calls": [], "search-terms": [], "state": 2, "file_id": 3, "knowledge_revision": 18, "git_revision": "21dad3d59ca9f491d932db6fb7d48e5732f933b4", "hash": "22f9e17cc1848b56dbb244518ac2707e", "format-version": 4, "code-base-name": "homepage_frontend", "filename": "homepage_frontend/src/App.css", "revision_history": [{"18": "21dad3d59ca9f491d932db6fb7d48e5732f933b4"}]}