{"is_source_file": true, "format": "JavaScript (React JSX)", "description": "React component defining the Hero / Mission section of a homepage, with donation buttons, statistics, and informational content.", "external_files": ["react"], "external_methods": [], "published": ["Hero"], "classes": [], "methods": [{"name": "Hero({ onDonateClick, stripeDonationUrl })", "description": "Functional React component rendering the hero/mission section with donation button and impact stats.", "scope": "", "scopeKind": ""}], "calls": ["onDonateClick"], "search-terms": ["Hero", "Mission", "React component", "donate", "impact stats"], "state": 2, "file_id": 15, "knowledge_revision": 42, "git_revision": "be11367c6ba0b039218a44b10783bb5be61ead8f", "revision_history": [{"37": "be11367c6ba0b039218a44b10783bb5be61ead8f"}, {"42": "be11367c6ba0b039218a44b10783bb5be61ead8f"}], "ctags": [{"_type": "tag", "name": "Hero", "path": "/home/kavia/workspace/code-generation/ocean-conservation-homepage-230683-230692/homepage_frontend/src/components/Hero.jsx", "pattern": "/^export default function Hero({ onDonateClick, stripeDonationUrl }) {$/", "language": "JavaScript", "kind": "function", "signature": "({ onDonateClick, stripeDonationUrl })"}, {"_type": "tag", "name": "donateDisabled", "path": "/home/kavia/workspace/code-generation/ocean-conservation-homepage-230683-230692/homepage_frontend/src/components/Hero.jsx", "pattern": "/^                donateDisabled$/", "language": "JavaScript", "kind": "field", "scope": "title", "scopeKind": "class"}, {"_type": "tag", "name": "donateDisabled", "path": "/home/kavia/workspace/code-generation/ocean-conservation-homepage-230683-230692/homepage_frontend/src/components/Hero.jsx", "pattern": "/^              aria-disabled={donateDisabled}$/", "language": "JavaScript", "kind": "field", "scope": "aria", "scopeKind": "class"}, {"_type": "tag", "name": "donateDisabled", "path": "/home/kavia/workspace/code-generation/ocean-conservation-homepage-230683-230692/homepage_frontend/src/components/Hero.jsx", "pattern": "/^              disabled={donateDisabled}$/", "language": "JavaScript", "kind": "field", "scope": "disabled", "scopeKind": "class"}, {"_type": "tag", "name": "hero__cta-note ${donateDisabled ? \"note--warn\" : \"\"}", "path": "/home/kavia/workspace/code-generation/ocean-conservation-homepage-230683-230692/homepage_frontend/src/components/Hero.jsx", "pattern": "/^            className={`hero__cta-note ${donateDisabled ? \"note--warn\" : \"\"}`}$/", "language": "JavaScript", "kind": "field", "scope": "className", "scopeKind": "class"}, {"_type": "tag", "name": "onDonateClick", "path": "/home/kavia/workspace/code-generation/ocean-conservation-homepage-230683-230692/homepage_frontend/src/components/Hero.jsx", "pattern": "/^              onClick={onDonateClick}$/", "language": "JavaScript", "kind": "field", "scope": "onClick", "scopeKind": "class"}], "hash": "1e422643d169820ea2f94c5264a4e48f", "format-version": 4, "code-base-name": "homepage_frontend", "filename": "homepage_frontend/src/components/Hero.jsx", "fields": [{"name": "donateDisabled", "scope": "title", "scopeKind": "class", "description": "unavailable"}, {"name": "aria-disabled={donateDisabled}", "scope": "aria", "scopeKind": "class", "description": "unavailable"}, {"name": "disabled={donateDisabled}", "scope": "disabled", "scopeKind": "class", "description": "unavailable"}, {"name": "className={`hero__cta-note ${donateDisabled ? \"note--warn\" : \"\"}`}", "scope": "className", "scopeKind": "class", "description": "unavailable"}, {"name": "onClick={onDonateClick}", "scope": "onClick", "scopeKind": "class", "description": "unavailable"}]}