{"is_source_file": false, "format": "", "description": "", "external_files": [], "external_methods": [], "published": [], "classes": [], "methods": [], "calls": [], "search-terms": ["ocean-conservation-homepage", "README.md", "230683", "230692"], "state": 2, "file_id": 12, "knowledge_revision": 22, "git_revision": "87d65f137c57836cec625c725b23f2bec2a3bbd8", "hash": "4591672e747b9d05bc5273c8f25c322f", "format-version": 4, "code-base-name": "homepage_frontend", "filename": "README.md", "revision_history": [{"22": "87d65f137c57836cec625c725b23f2bec2a3bbd8"}]}